코미디,피식대학,트레블러,꽈뚜룹,유병재,딕헌터,이수근 채널,빠더너스,워크맨,박막례할머니,주간이상준,얼간김준호,꼰대희,강유미,홍쓴TV,이국주,미선임파서블,민경장군,유세유니대단해,꽈나,침착맨,파뿌리,난쟁이성현,김해준,승우아빠,비보티비,슈뻘맨
블로그,올리버쌤,이근,말왕,힙으뜸,피지컬갤러리,핏블리,권혁,지피티,꽈뚜룹,강경원,승아로운,신세경,로하,트위티,온도,홍시,사계절의 내봄,,,,,,,,,
노하우 / 교육,올리버쌤,이근,미트러버,피지컬갤러리,핏블리,사물궁이,조승연,몰상식,세상의모든지식,지식한입,,,,,,,,,,,,,,,,
실험/과학,사나고,긱블,과학드림,안될과학,슈뻘맨,고기남자,육식맨,공돌이 용달,진용진,,,,,,,,,,,,,,,,,
스포츠,말왕,피지컬갤러리,슛포러브,힙으뜸,핏블리,이수근 채널,키다리형,꽁병지tv,지피티,권혁,강경원,땡큐부부,제이제이살롱드핏,다노,미선임파서블,맛불리,,,,,,,,,,
음식,미트러버,밥굽남,딕헌터,문복희,백종원,설기양,떵개떵,쯔양,유디티TV,쏘영,고기남자,맛상무,정육왕,민경장군,승아로운,꽈나,홍시,사계절의 내봄,뚝딱,승우아빠,맛불리,육식맨,애주가 참PD,,,
셀럽,유병재,와썹맨,박막례할머니,주간이상준,얼간김준호,꼰대희,솔라시도,임영웅,조승연,강유미,영탁,햄연지,홍쓴TV,이국주,미선임파서블,안소희,민경장군,유세유니대단해,승아로운,이상훈TV,신세경,오하영,비보티비,이시영,백지영,
기타,금강연화,깡스타일리스트,이상훈TV,,,,,,,,,,,,,,,,,,,,,,,
,,,,,,,,,,,,,,,,,,,,,,,,,,
,,,,,,,,,,,,,,,,,,,,,,,,,,
,,,,,,,,,,,,,,,,,,,,,,,,,,
,,,,,,,,,,,,,,,,,,,,,,,,,,
